D:\University\Y4S1\QBUS4934\data\extracted data\20210718_Ridura_32_Part2.csv,D:\University\Y4S1\QBUS4934\data\extracted data\20210718_Ridura_32_Part3.csv,D:\University\Y4S1\QBUS4934\data\extracted data\20210718_Ridura_32_Part4.csv,D:\University\Y4S1\QBUS4934\data\extracted data\20210718_Ridura_32_Part_1.csv,D:\University\Y4S1\QBUS4934\data\extracted data\COVID_Cases_Restricted_Detailed_01032022_Part_1.csv,D:\University\Y4S1\QBUS4934\data\extracted data\COVID_Cases_Restricted_Detailed_01032022_Part_2.csv,D:\University\Y4S1\QBUS4934\data\extracted data\COVID_Cases_Restricted_Detailed_01032022_Part_3.csv,D:\University\Y4S1\QBUS4934\data\extracted data\COVID_Cases_Restricted_Detailed_01032022_Part_4.csv,D:\University\Y4S1\QBUS4934\data\extracted data\COVID_Cases_Restricted_Detailed_01032022_Part_5.csv,D:\University\Y4S1\QBUS4934\data\extracted data\COVID_Cases_Restricted_Detailed_01032022_Part_6.csv,D:\University\Y4S1\QBUS4934\data\extracted data\COVID_Cases_Restricted_Detailed_01102022_Part_1.csv,D:\University\Y4S1\QBUS4934\data\extracted data\COVID_Cases_Restricted_Detailed_01102022_Part_2.csv,D:\University\Y4S1\QBUS4934\data\extracted data\COVID_Cases_Restricted_Detailed_01102022_Part_3.csv,D:\University\Y4S1\QBUS4934\data\extracted data\COVID_Cases_Restricted_Detailed_01102022_Part_4.csv,D:\University\Y4S1\QBUS4934\data\extracted data\COVID_Cases_Restricted_Detailed_01102022_Part_5.csv,D:\University\Y4S1\QBUS4934\data\extracted data\COVID_Cases_Restricted_Detailed_01102022_Part_6.csv,D:\University\Y4S1\QBUS4934\data\extracted data\COVID_Cases_Restricted_Detailed_01242022_Part_1.csv,D:\University\Y4S1\QBUS4934\data\extracted data\COVID_Cases_Restricted_Detailed_01242022_Part_2.csv,D:\University\Y4S1\QBUS4934\data\extracted data\COVID_Cases_Restricted_Detailed_01242022_Part_3.csv,D:\University\Y4S1\QBUS4934\data\extracted data\COVID_Cases_Restricted_Detailed_01242022_Part_4.csv,D:\University\Y4S1\QBUS4934\data\extracted data\COVID_Cases_Restricted_Detailed_01242022_Part_5.csv,D:\University\Y4S1\QBUS4934\data\extracted data\COVID_Cases_Restricted_Detailed_01242022_Part_6.csv,D:\University\Y4S1\QBUS4934\data\extracted data\COVID_Cases_Restricted_Detailed_01242022_Part_7.csv,D:\University\Y4S1\QBUS4934\data\extracted data\COVID_Cases_Restricted_Detailed_01312021_Part_1.csv,D:\University\Y4S1\QBUS4934\data\extracted data\COVID_Cases_Restricted_Detailed_01312021_Part_2.csv,D:\University\Y4S1\QBUS4934\data\extracted data\COVID_Cases_Restricted_Detailed_01312021_Part_3.csv,D:\University\Y4S1\QBUS4934\data\extracted data\COVID_Cases_Restricted_Detailed_02182022_Part_1.csv,D:\University\Y4S1\QBUS4934\data\extracted data\COVID_Cases_Restricted_Detailed_02182022_Part_2.csv,D:\University\Y4S1\QBUS4934\data\extracted data\COVID_Cases_Restricted_Detailed_02182022_Part_3.csv,D:\University\Y4S1\QBUS4934\data\extracted data\COVID_Cases_Restricted_Detailed_02182022_Part_4.csv,D:\University\Y4S1\QBUS4934\data\extracted data\COVID_Cases_Restricted_Detailed_02282021_Part_1.csv,D:\University\Y4S1\QBUS4934\data\extracted data\COVID_Cases_Restricted_Detailed_02282021_Part_2.csv,D:\University\Y4S1\QBUS4934\data\extracted data\COVID_Cases_Restricted_Detailed_02282021_Part_3.csv,D:\University\Y4S1\QBUS4934\data\extracted data\COVID_Cases_Restricted_Detailed_03312021_Part_1.csv,D:\University\Y4S1\QBUS4934\data\extracted data\COVID_Cases_Restricted_Detailed_03312021_Part_2.csv,D:\University\Y4S1\QBUS4934\data\extracted data\COVID_Cases_Restricted_Detailed_03312021_Part_3.csv,D:\University\Y4S1\QBUS4934\data\extracted data\COVID_Cases_Restricted_Detailed_04302021_Part_1.csv,D:\University\Y4S1\QBUS4934\data\extracted data\COVID_Cases_Restricted_Detailed_04302021_Part_2.csv,D:\University\Y4S1\QBUS4934\data\extracted data\COVID_Cases_Restricted_Detailed_04302021_Part_3.csv,D:\University\Y4S1\QBUS4934\data\extracted data\COVID_Cases_Restricted_Detailed_05112021_Part_1.csv,D:\University\Y4S1\QBUS4934\data\extracted data\COVID_Cases_Restricted_Detailed_05112021_Part_2.csv,D:\University\Y4S1\QBUS4934\data\extracted data\COVID_Cases_Restricted_Detailed_05112021_Part_3.csv,D:\University\Y4S1\QBUS4934\data\extracted data\COVID_Cases_Restricted_Detailed_05112021_Part_4.csv,D:\University\Y4S1\QBUS4934\data\extracted data\COVID_Cases_Restricted_Detailed_05172020.csv,D:\University\Y4S1\QBUS4934\data\extracted data\COVID_Cases_Restricted_Detailed_05242021_Part_1.csv,D:\University\Y4S1\QBUS4934\data\extracted data\COVID_Cases_Restricted_Detailed_05242021_Part_2.csv,D:\University\Y4S1\QBUS4934\data\extracted data\COVID_Cases_Restricted_Detailed_05242021_Part_3.csv,D:\University\Y4S1\QBUS4934\data\extracted data\COVID_Cases_Restricted_Detailed_05242021_Part_4.csv,D:\University\Y4S1\QBUS4934\data\extracted data\COVID_Cases_Restricted_Detailed_05292020.csv,D:\University\Y4S1\QBUS4934\data\extracted data\COVID_Cases_Restricted_Detailed_06072021_Part_1.csv,D:\University\Y4S1\QBUS4934\data\extracted data\COVID_Cases_Restricted_Detailed_06072021_Part_2.csv,D:\University\Y4S1\QBUS4934\data\extracted data\COVID_Cases_Restricted_Detailed_06072021_Part_3.csv,D:\University\Y4S1\QBUS4934\data\extracted data\COVID_Cases_Restricted_Detailed_06072021_Part_4.csv,D:\University\Y4S1\QBUS4934\data\extracted data\COVID_Cases_Restricted_Detailed_06212021_Part_1.csv,D:\University\Y4S1\QBUS4934\data\extracted data\COVID_Cases_Restricted_Detailed_06212021_Part_2.csv,D:\University\Y4S1\QBUS4934\data\extracted data\COVID_Cases_Restricted_Detailed_06212021_Part_3.csv,D:\University\Y4S1\QBUS4934\data\extracted data\COVID_Cases_Restricted_Detailed_06212021_Part_4.csv,D:\University\Y4S1\QBUS4934\data\extracted data\COVID_Cases_Restricted_Detailed_07062021_Part_1.csv,D:\University\Y4S1\QBUS4934\data\extracted data\COVID_Cases_Restricted_Detailed_07062021_Part_2.csv,D:\University\Y4S1\QBUS4934\data\extracted data\COVID_Cases_Restricted_Detailed_07062021_Part_3.csv,D:\University\Y4S1\QBUS4934\data\extracted data\COVID_Cases_Restricted_Detailed_07062021_Part_4.csv,D:\University\Y4S1\QBUS4934\data\extracted data\COVID_Cases_Restricted_Detailed_07312020.csv,D:\University\Y4S1\QBUS4934\data\extracted data\COVID_Cases_Restricted_Detailed_08032021_Part_1.csv,D:\University\Y4S1\QBUS4934\data\extracted data\COVID_Cases_Restricted_Detailed_08032021_Part_2.csv,D:\University\Y4S1\QBUS4934\data\extracted data\COVID_Cases_Restricted_Detailed_08032021_Part_3.csv,D:\University\Y4S1\QBUS4934\data\extracted data\COVID_Cases_Restricted_Detailed_08032021_Part_4.csv,D:\University\Y4S1\QBUS4934\data\extracted data\COVID_Cases_Restricted_Detailed_08172021_Part_1.csv,D:\University\Y4S1\QBUS4934\data\extracted data\COVID_Cases_Restricted_Detailed_08172021_Part_2.csv,D:\University\Y4S1\QBUS4934\data\extracted data\COVID_Cases_Restricted_Detailed_08172021_Part_3.csv,D:\University\Y4S1\QBUS4934\data\extracted data\COVID_Cases_Restricted_Detailed_08172021_Part_4.csv,D:\University\Y4S1\QBUS4934\data\extracted data\COVID_Cases_Restricted_Detailed_08312020.csv,D:\University\Y4S1\QBUS4934\data\extracted data\COVID_Cases_Restricted_Detailed_08312021_Part_1.csv,D:\University\Y4S1\QBUS4934\data\extracted data\COVID_Cases_Restricted_Detailed_08312021_Part_2.csv,D:\University\Y4S1\QBUS4934\data\extracted data\COVID_Cases_Restricted_Detailed_08312021_Part_3.csv,D:\University\Y4S1\QBUS4934\data\extracted data\COVID_Cases_Restricted_Detailed_08312021_Part_4.csv,D:\University\Y4S1\QBUS4934\data\extracted data\COVID_Cases_Restricted_Detailed_09302020.csv,D:\University\Y4S1\QBUS4934\data\extracted data\COVID_Cases_Restricted_Detailed_10122021_Part_1.csv,D:\University\Y4S1\QBUS4934\data\extracted data\COVID_Cases_Restricted_Detailed_10122021_Part_2.csv,D:\University\Y4S1\QBUS4934\data\extracted data\COVID_Cases_Restricted_Detailed_10122021_Part_3.csv,D:\University\Y4S1\QBUS4934\data\extracted data\COVID_Cases_Restricted_Detailed_10122021_Part_4.csv,D:\University\Y4S1\QBUS4934\data\extracted data\COVID_Cases_Restricted_Detailed_10122021_Part_5.csv,D:\University\Y4S1\QBUS4934\data\extracted data\COVID_Cases_Restricted_Detailed_10252021_Part_1.csv,D:\University\Y4S1\QBUS4934\data\extracted data\COVID_Cases_Restricted_Detailed_10252021_Part_2.csv,D:\University\Y4S1\QBUS4934\data\extracted data\COVID_Cases_Restricted_Detailed_10252021_Part_3.csv,D:\University\Y4S1\QBUS4934\data\extracted data\COVID_Cases_Restricted_Detailed_10252021_Part_4.csv,D:\University\Y4S1\QBUS4934\data\extracted data\COVID_Cases_Restricted_Detailed_10252021_Part_5.csv,D:\University\Y4S1\QBUS4934\data\extracted data\COVID_Cases_Restricted_Detailed_10312020.csv,D:\University\Y4S1\QBUS4934\data\extracted data\COVID_Cases_Restricted_Detailed_11302021_Part_1.csv,D:\University\Y4S1\QBUS4934\data\extracted data\COVID_Cases_Restricted_Detailed_11302021_Part_2.csv,D:\University\Y4S1\QBUS4934\data\extracted data\COVID_Cases_Restricted_Detailed_11302021_Part_3.csv,D:\University\Y4S1\QBUS4934\data\extracted data\COVID_Cases_Restricted_Detailed_11302021_Part_4.csv,D:\University\Y4S1\QBUS4934\data\extracted data\COVID_Cases_Restricted_Detailed_11302021_Part_5.csv,D:\University\Y4S1\QBUS4934\data\extracted data\COVID_Cases_Restricted_Detailed_12042020.csv,D:\University\Y4S1\QBUS4934\data\extracted data\COVID_Cases_Restricted_Detailed_12142021_Part_1.csv,D:\University\Y4S1\QBUS4934\data\extracted data\COVID_Cases_Restricted_Detailed_12142021_Part_2.csv,D:\University\Y4S1\QBUS4934\data\extracted data\COVID_Cases_Restricted_Detailed_12142021_Part_3.csv,D:\University\Y4S1\QBUS4934\data\extracted data\COVID_Cases_Restricted_Detailed_12142021_Part_4.csv,D:\University\Y4S1\QBUS4934\data\extracted data\COVID_Cases_Restricted_Detailed_12142021_Part_5.csv,D:\University\Y4S1\QBUS4934\data\extracted data\COVID_Cases_Restricted_Detailed_12142021_Part_6.csv,D:\University\Y4S1\QBUS4934\data\extracted data\COVID_Cases_Restricted_Detailed_12202021_Part_1.csv,D:\University\Y4S1\QBUS4934\data\extracted data\COVID_Cases_Restricted_Detailed_12202021_Part_2.csv,D:\University\Y4S1\QBUS4934\data\extracted data\COVID_Cases_Restricted_Detailed_12202021_Part_3.csv,D:\University\Y4S1\QBUS4934\data\extracted data\COVID_Cases_Restricted_Detailed_12202021_Part_4.csv,D:\University\Y4S1\QBUS4934\data\extracted data\COVID_Cases_Restricted_Detailed_12202021_Part_5.csv,D:\University\Y4S1\QBUS4934\data\extracted data\COVID_Cases_Restricted_Detailed_12202021_Part_6.csv,D:\University\Y4S1\QBUS4934\data\extracted data\COVID_Cases_Restricted_Detailed_12312020_Part_1.csv,D:\University\Y4S1\QBUS4934\data\extracted data\COVID_Cases_Restricted_Detailed_12312020_Part_2.csv,D:\University\Y4S1\QBUS4934\data\extracted data\COVID_Cases_Restricted_Detailed_Internal_06272020.csv,D:\University\Y4S1\QBUS4934\data\extracted data\COVID_Cases_Restricted_Detailed_01032022_Part_1.parquet,D:\University\Y4S1\QBUS4934\data\extracted data\COVID_Cases_Restricted_Detailed_01032022_Part_2.parquet,D:\University\Y4S1\QBUS4934\data\extracted data\COVID_Cases_Restricted_Detailed_01032022_Part_3.parquet,D:\University\Y4S1\QBUS4934\data\extracted data\COVID_Cases_Restricted_Detailed_01102022_Part_1.parquet,D:\University\Y4S1\QBUS4934\data\extracted data\COVID_Cases_Restricted_Detailed_01102022_Part_2.parquet,D:\University\Y4S1\QBUS4934\data\extracted data\COVID_Cases_Restricted_Detailed_01102022_Part_3.parquet,D:\University\Y4S1\QBUS4934\data\extracted data\COVID_Cases_Restricted_Detailed_01242022_Part_1.parquet,D:\University\Y4S1\QBUS4934\data\extracted data\COVID_Cases_Restricted_Detailed_01242022_Part_2.parquet,D:\University\Y4S1\QBUS4934\data\extracted data\COVID_Cases_Restricted_Detailed_01242022_Part_3.parquet,D:\University\Y4S1\QBUS4934\data\extracted data\COVID_Cases_Restricted_Detailed_02182022_Part_1.parquet,D:\University\Y4S1\QBUS4934\data\extracted data\COVID_Cases_Restricted_Detailed_02182022_Part_2.parquet,D:\University\Y4S1\QBUS4934\data\extracted data\COVID_Cases_Restricted_Detailed_02182022_Part_3.parquet,D:\University\Y4S1\QBUS4934\data\extracted data\COVID_Cases_Restricted_Detailed_02182022_Part_4.parquet,D:\University\Y4S1\QBUS4934\data\extracted data\COVID_Cases_Restricted_Detailed_04302021_Part_1.parquet,D:\University\Y4S1\QBUS4934\data\extracted data\COVID_Cases_Restricted_Detailed_04302021_Part_2.parquet,D:\University\Y4S1\QBUS4934\data\extracted data\COVID_Cases_Restricted_Detailed_04302021_Part_3.parquet,D:\University\Y4S1\QBUS4934\data\extracted data\COVID_Cases_Restricted_Detailed_05112021_Part_1.parquet,D:\University\Y4S1\QBUS4934\data\extracted data\COVID_Cases_Restricted_Detailed_05112021_Part_2.parquet,D:\University\Y4S1\QBUS4934\data\extracted data\COVID_Cases_Restricted_Detailed_05242021_Part_1.parquet,D:\University\Y4S1\QBUS4934\data\extracted data\COVID_Cases_Restricted_Detailed_05242021_Part_2.parquet,D:\University\Y4S1\QBUS4934\data\extracted data\COVID_Cases_Restricted_Detailed_06072021_Part_1.parquet,D:\University\Y4S1\QBUS4934\data\extracted data\COVID_Cases_Restricted_Detailed_06072021_Part_2.parquet,D:\University\Y4S1\QBUS4934\data\extracted data\COVID_Cases_Restricted_Detailed_06212021_Part_1.parquet,D:\University\Y4S1\QBUS4934\data\extracted data\COVID_Cases_Restricted_Detailed_06212021_Part_2.parquet,D:\University\Y4S1\QBUS4934\data\extracted data\COVID_Cases_Restricted_Detailed_07062021_Part_1.parquet,D:\University\Y4S1\QBUS4934\data\extracted data\COVID_Cases_Restricted_Detailed_07062021_Part_2.parquet,D:\University\Y4S1\QBUS4934\data\extracted data\COVID_Cases_Restricted_Detailed_07192021_Part_1.parquet,D:\University\Y4S1\QBUS4934\data\extracted data\COVID_Cases_Restricted_Detailed_07192021_Part_2.parquet,D:\University\Y4S1\QBUS4934\data\extracted data\COVID_Cases_Restricted_Detailed_08032021_Part_1.parquet,D:\University\Y4S1\QBUS4934\data\extracted data\COVID_Cases_Restricted_Detailed_08032021_Part_2.parquet,D:\University\Y4S1\QBUS4934\data\extracted data\COVID_Cases_Restricted_Detailed_08172021_Part_1.parquet,D:\University\Y4S1\QBUS4934\data\extracted data\COVID_Cases_Restricted_Detailed_08172021_Part_2.parquet,D:\University\Y4S1\QBUS4934\data\extracted data\COVID_Cases_Restricted_Detailed_08312021_Part_1.parquet,D:\University\Y4S1\QBUS4934\data\extracted data\COVID_Cases_Restricted_Detailed_08312021_Part_2.parquet,D:\University\Y4S1\QBUS4934\data\extracted data\COVID_Cases_Restricted_Detailed_10122021_Part_1.parquet,D:\University\Y4S1\QBUS4934\data\extracted data\COVID_Cases_Restricted_Detailed_10122021_Part_2.parquet,D:\University\Y4S1\QBUS4934\data\extracted data\COVID_Cases_Restricted_Detailed_10252021_Part_1.parquet,D:\University\Y4S1\QBUS4934\data\extracted data\COVID_Cases_Restricted_Detailed_10252021_Part_2.parquet,D:\University\Y4S1\QBUS4934\data\extracted data\COVID_Cases_Restricted_Detailed_11302021_Part_1.parquet,D:\University\Y4S1\QBUS4934\data\extracted data\COVID_Cases_Restricted_Detailed_11302021_Part_2.parquet,D:\University\Y4S1\QBUS4934\data\extracted data\COVID_Cases_Restricted_Detailed_11302021_Part_3.parquet,D:\University\Y4S1\QBUS4934\data\extracted data\COVID_Cases_Restricted_Detailed_12142021_Part_1.parquet,D:\University\Y4S1\QBUS4934\data\extracted data\COVID_Cases_Restricted_Detailed_12142021_Part_2.parquet,D:\University\Y4S1\QBUS4934\data\extracted data\COVID_Cases_Restricted_Detailed_12142021_Part_3.parquet,D:\University\Y4S1\QBUS4934\data\extracted data\COVID_Cases_Restricted_Detailed_12202021_Part_1.parquet,D:\University\Y4S1\QBUS4934\data\extracted data\COVID_Cases_Restricted_Detailed_12202021_Part_2.parquet,D:\University\Y4S1\QBUS4934\data\extracted data\COVID_Cases_Restricted_Detailed_12202021_Part_3.parquet,D:\University\Y4S1\QBUS4934\data\extracted data\COVID_Cases_Restricted_Details_02282021.parquet,D:\University\Y4S1\QBUS4934\data\extracted data\COVID_Cases_Restricted_Details_03312021_Part_1.parquet,D:\University\Y4S1\QBUS4934\data\extracted data\COVID_Cases_Restricted_Details_03312021_Part_2.parquet,D:\University\Y4S1\QBUS4934\data\extracted data\COVID_Cases_Restricted_Details_03312021_Part_3.parquet
abdom_yn,abdom_yn,abdom_yn,abdom_yn,abdom_yn,abdom_yn,abdom_yn,abdom_yn,abdom_yn,abdom_yn,abdom_yn,abdom_yn,abdom_yn,abdom_yn,abdom_yn,abdom_yn,abdom_yn,abdom_yn,abdom_yn,abdom_yn,abdom_yn,abdom_yn,abdom_yn,race_ethnicity_combined,race_ethnicity_combined,race_ethnicity_combined,abdom_yn,abdom_yn,abdom_yn,abdom_yn,race_ethnicity_combined,race_ethnicity_combined,race_ethnicity_combined,race_ethnicity_combined,race_ethnicity_combined,race_ethnicity_combined,race_ethnicity_combined,race_ethnicity_combined,race_ethnicity_combined,abdom_yn,abdom_yn,abdom_yn,abdom_yn,current_status,abdom_yn,abdom_yn,abdom_yn,abdom_yn,current_status,abdom_yn,abdom_yn,abdom_yn,abdom_yn,abdom_yn,abdom_yn,abdom_yn,abdom_yn,abdom_yn,abdom_yn,abdom_yn,abdom_yn,race_ethnicity_combined,abdom_yn,abdom_yn,abdom_yn,abdom_yn,abdom_yn,abdom_yn,abdom_yn,abdom_yn,race_ethnicity_combined,abdom_yn,abdom_yn,abdom_yn,abdom_yn,race_ethnicity_combined,abdom_yn,abdom_yn,abdom_yn,abdom_yn,abdom_yn,abdom_yn,abdom_yn,abdom_yn,abdom_yn,abdom_yn,race_ethnicity_combined,abdom_yn,abdom_yn,abdom_yn,abdom_yn,abdom_yn,race_ethnicity_combined,abdom_yn,abdom_yn,abdom_yn,abdom_yn,abdom_yn,abdom_yn,abdom_yn,abdom_yn,abdom_yn,abdom_yn,abdom_yn,abdom_yn,race_ethnicity_combined,Missing,race_ethnicity_combined,abdom_yn,abdom_yn,abdom_yn,abdom_yn,abdom_yn,abdom_yn,abdom_yn,abdom_yn,abdom_yn,abdom_yn,abdom_yn,abdom_yn,abdom_yn,race_ethnicity_combined,race_ethnicity_combined,race_ethnicity_combined,abdom_yn,abdom_yn,abdom_yn,abdom_yn,abdom_yn,abdom_yn,abdom_yn,abdom_yn,abdom_yn,abdom_yn,abdom_yn,abdom_yn,abdom_yn,abdom_yn,abdom_yn,abdom_yn,abdom_yn,abdom_yn,abdom_yn,abdom_yn,abdom_yn,abdom_yn,abdom_yn,abdom_yn,abdom_yn,abdom_yn,abdom_yn,abdom_yn,abdom_yn,abdom_yn,abdom_yn,race_ethnicity_combined,race_ethnicity_combined,race_ethnicity_combined,race_ethnicity_combined
abxchest_yn,abxchest_yn,abxchest_yn,abxchest_yn,abxchest_yn,abxchest_yn,abxchest_yn,abxchest_yn,abxchest_yn,abxchest_yn,abxchest_yn,abxchest_yn,abxchest_yn,abxchest_yn,abxchest_yn,abxchest_yn,abxchest_yn,abxchest_yn,abxchest_yn,abxchest_yn,abxchest_yn,abxchest_yn,abxchest_yn,current_status,current_status,current_status,abxchest_yn,abxchest_yn,abxchest_yn,abxchest_yn,current_status,current_status,current_status,current_status,current_status,current_status,current_status,current_status,current_status,abxchest_yn,abxchest_yn,abxchest_yn,abxchest_yn,cdc_report_dt,abxchest_yn,abxchest_yn,abxchest_yn,abxchest_yn,cdc_report_dt,abxchest_yn,abxchest_yn,abxchest_yn,abxchest_yn,abxchest_yn,abxchest_yn,abxchest_yn,abxchest_yn,abxchest_yn,abxchest_yn,abxchest_yn,abxchest_yn,current_status,abxchest_yn,abxchest_yn,abxchest_yn,abxchest_yn,abxchest_yn,abxchest_yn,abxchest_yn,abxchest_yn,current_status,abxchest_yn,abxchest_yn,abxchest_yn,abxchest_yn,current_status,abxchest_yn,abxchest_yn,abxchest_yn,abxchest_yn,abxchest_yn,abxchest_yn,abxchest_yn,abxchest_yn,abxchest_yn,abxchest_yn,current_status,abxchest_yn,abxchest_yn,abxchest_yn,abxchest_yn,abxchest_yn,current_status,abxchest_yn,abxchest_yn,abxchest_yn,abxchest_yn,abxchest_yn,abxchest_yn,abxchest_yn,abxchest_yn,abxchest_yn,abxchest_yn,abxchest_yn,abxchest_yn,current_status,Laboratory-confirmed case,current_status,abxchest_yn,abxchest_yn,abxchest_yn,abxchest_yn,abxchest_yn,abxchest_yn,abxchest_yn,abxchest_yn,abxchest_yn,abxchest_yn,abxchest_yn,abxchest_yn,abxchest_yn,current_status,current_status,current_status,abxchest_yn,abxchest_yn,abxchest_yn,abxchest_yn,abxchest_yn,abxchest_yn,abxchest_yn,abxchest_yn,abxchest_yn,abxchest_yn,abxchest_yn,abxchest_yn,abxchest_yn,abxchest_yn,abxchest_yn,abxchest_yn,abxchest_yn,abxchest_yn,abxchest_yn,abxchest_yn,abxchest_yn,abxchest_yn,abxchest_yn,abxchest_yn,abxchest_yn,abxchest_yn,abxchest_yn,abxchest_yn,abxchest_yn,abxchest_yn,abxchest_yn,current_status,current_status,current_status,current_status
acuterespdistress_yn,acuterespdistress_yn,acuterespdistress_yn,acuterespdistress_yn,acuterespdistress_yn,acuterespdistress_yn,acuterespdistress_yn,acuterespdistress_yn,acuterespdistress_yn,acuterespdistress_yn,acuterespdistress_yn,acuterespdistress_yn,acuterespdistress_yn,acuterespdistress_yn,acuterespdistress_yn,acuterespdistress_yn,acuterespdistress_yn,acuterespdistress_yn,acuterespdistress_yn,acuterespdistress_yn,acuterespdistress_yn,acuterespdistress_yn,acuterespdistress_yn,cdc_case_earliest_dt,cdc_case_earliest_dt,cdc_case_earliest_dt,acuterespdistress_yn,acuterespdistress_yn,acuterespdistress_yn,acuterespdistress_yn,cdc_case_earliest_dt,cdc_case_earliest_dt,cdc_case_earliest_dt,cdc_case_earliest_dt,cdc_case_earliest_dt,cdc_case_earliest_dt,cdc_case_earliest_dt,cdc_case_earliest_dt,cdc_case_earliest_dt,acuterespdistress_yn,acuterespdistress_yn,acuterespdistress_yn,acuterespdistress_yn,sex,acuterespdistress_yn,acuterespdistress_yn,acuterespdistress_yn,acuterespdistress_yn,sex,acuterespdistress_yn,acuterespdistress_yn,acuterespdistress_yn,acuterespdistress_yn,acuterespdistress_yn,acuterespdistress_yn,acuterespdistress_yn,acuterespdistress_yn,acuterespdistress_yn,acuterespdistress_yn,acuterespdistress_yn,acuterespdistress_yn,cdc_report_dt,acuterespdistress_yn,acuterespdistress_yn,acuterespdistress_yn,acuterespdistress_yn,acuterespdistress_yn,acuterespdistress_yn,acuterespdistress_yn,acuterespdistress_yn,cdc_report_dt,acuterespdistress_yn,acuterespdistress_yn,acuterespdistress_yn,acuterespdistress_yn,cdc_report_dt,acuterespdistress_yn,acuterespdistress_yn,acuterespdistress_yn,acuterespdistress_yn,acuterespdistress_yn,acuterespdistress_yn,acuterespdistress_yn,acuterespdistress_yn,acuterespdistress_yn,acuterespdistress_yn,cdc_report_dt,acuterespdistress_yn,acuterespdistress_yn,acuterespdistress_yn,acuterespdistress_yn,acuterespdistress_yn,cdc_report_dt,acuterespdistress_yn,acuterespdistress_yn,acuterespdistress_yn,acuterespdistress_yn,acuterespdistress_yn,acuterespdistress_yn,acuterespdistress_yn,acuterespdistress_yn,acuterespdistress_yn,acuterespdistress_yn,acuterespdistress_yn,acuterespdistress_yn,cdc_case_earliest_dt,2020-11-28,cdc_report_dt,acuterespdistress_yn,acuterespdistress_yn,acuterespdistress_yn,acuterespdistress_yn,acuterespdistress_yn,acuterespdistress_yn,acuterespdistress_yn,acuterespdistress_yn,acuterespdistress_yn,acuterespdistress_yn,acuterespdistress_yn,acuterespdistress_yn,acuterespdistress_yn,cdc_case_earliest_dt,cdc_case_earliest_dt,cdc_case_earliest_dt,acuterespdistress_yn,acuterespdistress_yn,acuterespdistress_yn,acuterespdistress_yn,acuterespdistress_yn,acuterespdistress_yn,acuterespdistress_yn,acuterespdistress_yn,acuterespdistress_yn,acuterespdistress_yn,acuterespdistress_yn,acuterespdistress_yn,acuterespdistress_yn,acuterespdistress_yn,acuterespdistress_yn,acuterespdistress_yn,acuterespdistress_yn,acuterespdistress_yn,acuterespdistress_yn,acuterespdistress_yn,acuterespdistress_yn,acuterespdistress_yn,acuterespdistress_yn,acuterespdistress_yn,acuterespdistress_yn,acuterespdistress_yn,acuterespdistress_yn,acuterespdistress_yn,acuterespdistress_yn,acuterespdistress_yn,acuterespdistress_yn,cdc_case_earliest_dt,cdc_case_earliest_dt,cdc_case_earliest_dt,cdc_case_earliest_dt
age_group,age_group,age_group,age_group,age_group,age_group,age_group,age_group,age_group,age_group,age_group,age_group,age_group,age_group,age_group,age_group,age_group,age_group,age_group,age_group,age_group,age_group,age_group,cdc_report_dt,cdc_report_dt,cdc_report_dt,age_group,age_group,age_group,age_group,cdc_report_dt,cdc_report_dt,cdc_report_dt,cdc_report_dt,cdc_report_dt,cdc_report_dt,cdc_report_dt,cdc_report_dt,cdc_report_dt,age_group,age_group,age_group,age_group,age_group,age_group,age_group,age_group,age_group,age_group,age_group,age_group,age_group,age_group,age_group,age_group,age_group,age_group,age_group,age_group,age_group,age_group,sex,age_group,age_group,age_group,age_group,age_group,age_group,age_group,age_group,sex,age_group,age_group,age_group,age_group,sex,age_group,age_group,age_group,age_group,age_group,age_group,age_group,age_group,age_group,age_group,sex,age_group,age_group,age_group,age_group,age_group,sex,age_group,age_group,age_group,age_group,age_group,age_group,age_group,age_group,age_group,age_group,age_group,age_group,cdc_report_dt,2020-11-28.1,sex,age_group,age_group,age_group,age_group,age_group,age_group,age_group,age_group,age_group,age_group,age_group,age_group,age_group,cdc_report_dt,cdc_report_dt,cdc_report_dt,age_group,age_group,age_group,age_group,age_group,age_group,age_group,age_group,age_group,age_group,age_group,age_group,age_group,age_group,age_group,age_group,age_group,age_group,age_group,age_group,age_group,age_group,age_group,age_group,age_group,age_group,age_group,age_group,age_group,age_group,age_group,cdc_report_dt,cdc_report_dt,cdc_report_dt,cdc_report_dt
cdc_case_earliest_dt,cdc_case_earliest_dt,cdc_case_earliest_dt,cdc_case_earliest_dt,cdc_case_earliest_dt,cdc_case_earliest_dt,cdc_case_earliest_dt,cdc_case_earliest_dt,cdc_case_earliest_dt,cdc_case_earliest_dt,cdc_case_earliest_dt,cdc_case_earliest_dt,cdc_case_earliest_dt,cdc_case_earliest_dt,cdc_case_earliest_dt,cdc_case_earliest_dt,cdc_case_earliest_dt,cdc_case_earliest_dt,cdc_case_earliest_dt,cdc_case_earliest_dt,cdc_case_earliest_dt,cdc_case_earliest_dt,cdc_case_earliest_dt,sex,sex,sex,cdc_case_earliest_dt,cdc_case_earliest_dt,cdc_case_earliest_dt,cdc_case_earliest_dt,sex,sex,sex,sex,sex,sex,sex,sex,sex,cdc_case_earliest_dt,cdc_case_earliest_dt,cdc_case_earliest_dt,cdc_case_earliest_dt,race_combined,cdc_case_earliest_dt,cdc_case_earliest_dt,cdc_case_earliest_dt,cdc_case_earliest_dt,race_combined,cdc_case_earliest_dt,cdc_case_earliest_dt,cdc_case_earliest_dt,cdc_case_earliest_dt,cdc_case_earliest_dt,cdc_case_earliest_dt,cdc_case_earliest_dt,cdc_case_earliest_dt,cdc_case_earliest_dt,cdc_case_earliest_dt,cdc_case_earliest_dt,cdc_case_earliest_dt,age_group,cdc_case_earliest_dt,cdc_case_earliest_dt,cdc_case_earliest_dt,cdc_case_earliest_dt,cdc_case_earliest_dt,cdc_case_earliest_dt,cdc_case_earliest_dt,cdc_case_earliest_dt,onset_dt,cdc_case_earliest_dt,cdc_case_earliest_dt,cdc_case_earliest_dt,cdc_case_earliest_dt,onset_dt,cdc_case_earliest_dt,cdc_case_earliest_dt,cdc_case_earliest_dt,cdc_case_earliest_dt,cdc_case_earliest_dt,cdc_case_earliest_dt,cdc_case_earliest_dt,cdc_case_earliest_dt,cdc_case_earliest_dt,cdc_case_earliest_dt,onset_dt,cdc_case_earliest_dt,cdc_case_earliest_dt,cdc_case_earliest_dt,cdc_case_earliest_dt,cdc_case_earliest_dt,onset_dt,cdc_case_earliest_dt,cdc_case_earliest_dt,cdc_case_earliest_dt,cdc_case_earliest_dt,cdc_case_earliest_dt,cdc_case_earliest_dt,cdc_case_earliest_dt,cdc_case_earliest_dt,cdc_case_earliest_dt,cdc_case_earliest_dt,cdc_case_earliest_dt,cdc_case_earliest_dt,sex,Female,age_group,cdc_case_earliest_dt,cdc_case_earliest_dt,cdc_case_earliest_dt,cdc_case_earliest_dt,cdc_case_earliest_dt,cdc_case_earliest_dt,cdc_case_earliest_dt,cdc_case_earliest_dt,cdc_case_earliest_dt,cdc_case_earliest_dt,cdc_case_earliest_dt,cdc_case_earliest_dt,cdc_case_earliest_dt,sex,sex,sex,cdc_case_earliest_dt,cdc_case_earliest_dt,cdc_case_earliest_dt,cdc_case_earliest_dt,cdc_case_earliest_dt,cdc_case_earliest_dt,cdc_case_earliest_dt,cdc_case_earliest_dt,cdc_case_earliest_dt,cdc_case_earliest_dt,cdc_case_earliest_dt,cdc_case_earliest_dt,cdc_case_earliest_dt,cdc_case_earliest_dt,cdc_case_earliest_dt,cdc_case_earliest_dt,cdc_case_earliest_dt,cdc_case_earliest_dt,cdc_case_earliest_dt,cdc_case_earliest_dt,cdc_case_earliest_dt,cdc_case_earliest_dt,cdc_case_earliest_dt,cdc_case_earliest_dt,cdc_case_earliest_dt,cdc_case_earliest_dt,cdc_case_earliest_dt,cdc_case_earliest_dt,cdc_case_earliest_dt,cdc_case_earliest_dt,cdc_case_earliest_dt,sex,sex,sex,sex
cdc_report_dt,cdc_report_dt,cdc_report_dt,cdc_report_dt,cdc_report_dt,cdc_report_dt,cdc_report_dt,cdc_report_dt,cdc_report_dt,cdc_report_dt,cdc_report_dt,cdc_report_dt,cdc_report_dt,cdc_report_dt,cdc_report_dt,cdc_report_dt,cdc_report_dt,cdc_report_dt,cdc_report_dt,cdc_report_dt,cdc_report_dt,cdc_report_dt,cdc_report_dt,onset_dt,onset_dt,onset_dt,cdc_report_dt,cdc_report_dt,cdc_report_dt,cdc_report_dt,onset_dt,onset_dt,onset_dt,onset_dt,onset_dt,onset_dt,onset_dt,onset_dt,onset_dt,cdc_report_dt,cdc_report_dt,cdc_report_dt,cdc_report_dt,ethnicity,cdc_report_dt,cdc_report_dt,cdc_report_dt,cdc_report_dt,ethnicity,cdc_report_dt,cdc_report_dt,cdc_report_dt,cdc_report_dt,cdc_report_dt,cdc_report_dt,cdc_report_dt,cdc_report_dt,cdc_report_dt,cdc_report_dt,cdc_report_dt,cdc_report_dt,onset_dt,cdc_report_dt,cdc_report_dt,cdc_report_dt,cdc_report_dt,cdc_report_dt,cdc_report_dt,cdc_report_dt,cdc_report_dt,pos_spec_dt,cdc_report_dt,cdc_report_dt,cdc_report_dt,cdc_report_dt,pos_spec_dt,cdc_report_dt,cdc_report_dt,cdc_report_dt,cdc_report_dt,cdc_report_dt,cdc_report_dt,cdc_report_dt,cdc_report_dt,cdc_report_dt,cdc_report_dt,pos_spec_dt,cdc_report_dt,cdc_report_dt,cdc_report_dt,cdc_report_dt,cdc_report_dt,pos_spec_dt,cdc_report_dt,cdc_report_dt,cdc_report_dt,cdc_report_dt,cdc_report_dt,cdc_report_dt,cdc_report_dt,cdc_report_dt,cdc_report_dt,cdc_report_dt,cdc_report_dt,cdc_report_dt,onset_dt,Unnamed: 5,onset_dt,cdc_report_dt,cdc_report_dt,cdc_report_dt,cdc_report_dt,cdc_report_dt,cdc_report_dt,cdc_report_dt,cdc_report_dt,cdc_report_dt,cdc_report_dt,cdc_report_dt,cdc_report_dt,cdc_report_dt,onset_dt,onset_dt,onset_dt,cdc_report_dt,cdc_report_dt,cdc_report_dt,cdc_report_dt,cdc_report_dt,cdc_report_dt,cdc_report_dt,cdc_report_dt,cdc_report_dt,cdc_report_dt,cdc_report_dt,cdc_report_dt,cdc_report_dt,cdc_report_dt,cdc_report_dt,cdc_report_dt,cdc_report_dt,cdc_report_dt,cdc_report_dt,cdc_report_dt,cdc_report_dt,cdc_report_dt,cdc_report_dt,cdc_report_dt,cdc_report_dt,cdc_report_dt,cdc_report_dt,cdc_report_dt,cdc_report_dt,cdc_report_dt,cdc_report_dt,onset_dt,onset_dt,onset_dt,onset_dt
chills_yn,chills_yn,chills_yn,chills_yn,chills_yn,chills_yn,chills_yn,chills_yn,chills_yn,chills_yn,chills_yn,chills_yn,chills_yn,chills_yn,chills_yn,chills_yn,chills_yn,chills_yn,chills_yn,chills_yn,chills_yn,chills_yn,chills_yn,pos_spec_dt,pos_spec_dt,pos_spec_dt,chills_yn,chills_yn,chills_yn,chills_yn,pos_spec_dt,pos_spec_dt,pos_spec_dt,pos_spec_dt,pos_spec_dt,pos_spec_dt,pos_spec_dt,pos_spec_dt,pos_spec_dt,chills_yn,chills_yn,chills_yn,chills_yn,onset_dt,chills_yn,chills_yn,chills_yn,chills_yn,onset_dt,chills_yn,chills_yn,chills_yn,chills_yn,chills_yn,chills_yn,chills_yn,chills_yn,chills_yn,chills_yn,chills_yn,chills_yn,pos_spec_dt,chills_yn,chills_yn,chills_yn,chills_yn,chills_yn,chills_yn,chills_yn,chills_yn,hosp_yn,chills_yn,chills_yn,chills_yn,chills_yn,hosp_yn,chills_yn,chills_yn,chills_yn,chills_yn,chills_yn,chills_yn,chills_yn,chills_yn,chills_yn,chills_yn,hosp_yn,chills_yn,chills_yn,chills_yn,chills_yn,chills_yn,hosp_yn,chills_yn,chills_yn,chills_yn,chills_yn,chills_yn,chills_yn,chills_yn,chills_yn,chills_yn,chills_yn,chills_yn,chills_yn,pos_spec_dt,Unnamed: 6,pos_spec_dt,chills_yn,chills_yn,chills_yn,chills_yn,chills_yn,chills_yn,chills_yn,chills_yn,chills_yn,chills_yn,chills_yn,chills_yn,chills_yn,pos_spec_dt,pos_spec_dt,pos_spec_dt,chills_yn,chills_yn,chills_yn,chills_yn,chills_yn,chills_yn,chills_yn,chills_yn,chills_yn,chills_yn,chills_yn,chills_yn,chills_yn,chills_yn,chills_yn,chills_yn,chills_yn,chills_yn,chills_yn,chills_yn,chills_yn,chills_yn,chills_yn,chills_yn,chills_yn,chills_yn,chills_yn,chills_yn,chills_yn,chills_yn,chills_yn,pos_spec_dt,pos_spec_dt,pos_spec_dt,pos_spec_dt
county_fips_code,county_fips_code,county_fips_code,county_fips_code,county_fips_code,county_fips_code,county_fips_code,county_fips_code,county_fips_code,county_fips_code,county_fips_code,county_fips_code,county_fips_code,county_fips_code,county_fips_code,county_fips_code,county_fips_code,county_fips_code,county_fips_code,county_fips_code,county_fips_code,county_fips_code,county_fips_code,hosp_yn,hosp_yn,hosp_yn,county_fips_code,county_fips_code,county_fips_code,county_fips_code,hosp_yn,hosp_yn,hosp_yn,hosp_yn,hosp_yn,hosp_yn,hosp_yn,hosp_yn,hosp_yn,county_fips_code,county_fips_code,county_fips_code,county_fips_code,pos_spec_dt,county_fips_code,county_fips_code,county_fips_code,county_fips_code,pos_spec_dt,county_fips_code,county_fips_code,county_fips_code,county_fips_code,county_fips_code,county_fips_code,county_fips_code,county_fips_code,county_fips_code,county_fips_code,county_fips_code,county_fips_code,hosp_yn,county_fips_code,county_fips_code,county_fips_code,county_fips_code,county_fips_code,county_fips_code,county_fips_code,county_fips_code,icu_yn,county_fips_code,county_fips_code,county_fips_code,county_fips_code,icu_yn,county_fips_code,county_fips_code,county_fips_code,county_fips_code,county_fips_code,county_fips_code,county_fips_code,county_fips_code,county_fips_code,county_fips_code,icu_yn,county_fips_code,county_fips_code,county_fips_code,county_fips_code,county_fips_code,icu_yn,county_fips_code,county_fips_code,county_fips_code,county_fips_code,county_fips_code,county_fips_code,county_fips_code,county_fips_code,county_fips_code,county_fips_code,county_fips_code,county_fips_code,hosp_yn,Missing.1,hosp_yn,county_fips_code,county_fips_code,county_fips_code,county_fips_code,county_fips_code,county_fips_code,county_fips_code,county_fips_code,county_fips_code,county_fips_code,county_fips_code,county_fips_code,county_fips_code,hosp_yn,hosp_yn,hosp_yn,county_fips_code,county_fips_code,county_fips_code,county_fips_code,county_fips_code,county_fips_code,county_fips_code,county_fips_code,county_fips_code,county_fips_code,county_fips_code,county_fips_code,county_fips_code,county_fips_code,county_fips_code,county_fips_code,county_fips_code,county_fips_code,county_fips_code,county_fips_code,county_fips_code,county_fips_code,county_fips_code,county_fips_code,county_fips_code,county_fips_code,county_fips_code,county_fips_code,county_fips_code,county_fips_code,county_fips_code,hosp_yn,hosp_yn,hosp_yn,hosp_yn
cough_yn,cough_yn,cough_yn,cough_yn,cough_yn,cough_yn,cough_yn,cough_yn,cough_yn,cough_yn,cough_yn,cough_yn,cough_yn,cough_yn,cough_yn,cough_yn,cough_yn,cough_yn,cough_yn,cough_yn,cough_yn,cough_yn,cough_yn,icu_yn,icu_yn,icu_yn,cough_yn,cough_yn,cough_yn,cough_yn,icu_yn,icu_yn,icu_yn,icu_yn,icu_yn,icu_yn,icu_yn,icu_yn,icu_yn,cough_yn,cough_yn,cough_yn,cough_yn,hosp_yn,cough_yn,cough_yn,cough_yn,cough_yn,hosp_yn,cough_yn,cough_yn,cough_yn,cough_yn,cough_yn,cough_yn,cough_yn,cough_yn,cough_yn,cough_yn,cough_yn,cough_yn,icu_yn,cough_yn,cough_yn,cough_yn,cough_yn,cough_yn,cough_yn,cough_yn,cough_yn,death_yn,cough_yn,cough_yn,cough_yn,cough_yn,death_yn,cough_yn,cough_yn,cough_yn,cough_yn,cough_yn,cough_yn,cough_yn,cough_yn,cough_yn,cough_yn,death_yn,cough_yn,cough_yn,cough_yn,cough_yn,cough_yn,death_yn,cough_yn,cough_yn,cough_yn,cough_yn,cough_yn,cough_yn,cough_yn,cough_yn,cough_yn,cough_yn,cough_yn,cough_yn,icu_yn,Missing.2,icu_yn,cough_yn,cough_yn,cough_yn,cough_yn,cough_yn,cough_yn,cough_yn,cough_yn,cough_yn,cough_yn,cough_yn,cough_yn,cough_yn,icu_yn,icu_yn,icu_yn,cough_yn,cough_yn,cough_yn,cough_yn,cough_yn,cough_yn,cough_yn,cough_yn,cough_yn,cough_yn,cough_yn,cough_yn,cough_yn,cough_yn,cough_yn,cough_yn,cough_yn,cough_yn,cough_yn,cough_yn,cough_yn,cough_yn,cough_yn,cough_yn,cough_yn,cough_yn,cough_yn,cough_yn,cough_yn,cough_yn,cough_yn,icu_yn,icu_yn,icu_yn,icu_yn
current_status,current_status,current_status,current_status,current_status,current_status,current_status,current_status,current_status,current_status,current_status,current_status,current_status,current_status,current_status,current_status,current_status,current_status,current_status,current_status,current_status,current_status,current_status,death_yn,death_yn,death_yn,current_status,current_status,current_status,current_status,death_yn,death_yn,death_yn,death_yn,death_yn,death_yn,death_yn,death_yn,death_yn,current_status,current_status,current_status,current_status,icu_yn,current_status,current_status,current_status,current_status,icu_yn,current_status,current_status,current_status,current_status,current_status,current_status,current_status,current_status,current_status,current_status,current_status,current_status,death_yn,current_status,current_status,current_status,current_status,current_status,current_status,current_status,current_status,hc_work_yn,current_status,current_status,current_status,current_status,hc_work_yn,current_status,current_status,current_status,current_status,current_status,current_status,current_status,current_status,current_status,current_status,hc_work_yn,current_status,current_status,current_status,current_status,current_status,hc_work_yn,current_status,current_status,current_status,current_status,current_status,current_status,current_status,current_status,current_status,current_status,current_status,current_status,death_yn,Missing.3,death_yn,current_status,current_status,current_status,current_status,current_status,current_status,current_status,current_status,current_status,current_status,current_status,current_status,current_status,death_yn,death_yn,death_yn,current_status,current_status,current_status,current_status,current_status,current_status,current_status,current_status,current_status,current_status,current_status,current_status,current_status,current_status,current_status,current_status,current_status,current_status,current_status,current_status,current_status,current_status,current_status,current_status,current_status,current_status,current_status,current_status,current_status,current_status,current_status,death_yn,death_yn,death_yn,death_yn
death_yn,death_yn,death_yn,death_yn,death_yn,death_yn,death_yn,death_yn,death_yn,death_yn,death_yn,death_yn,death_yn,death_yn,death_yn,death_yn,death_yn,death_yn,death_yn,death_yn,death_yn,death_yn,death_yn,hc_work_yn,hc_work_yn,hc_work_yn,death_yn,death_yn,death_yn,death_yn,hc_work_yn,hc_work_yn,hc_work_yn,hc_work_yn,hc_work_yn,hc_work_yn,hc_work_yn,hc_work_yn,hc_work_yn,death_yn,death_yn,death_yn,death_yn,death_yn,death_yn,death_yn,death_yn,death_yn,death_yn,death_yn,death_yn,death_yn,death_yn,death_yn,death_yn,death_yn,death_yn,death_yn,death_yn,death_yn,death_yn,hc_work_yn,death_yn,death_yn,death_yn,death_yn,death_yn,death_yn,death_yn,death_yn,pna_yn,death_yn,death_yn,death_yn,death_yn,pna_yn,death_yn,death_yn,death_yn,death_yn,death_yn,death_yn,death_yn,death_yn,death_yn,death_yn,pna_yn,death_yn,death_yn,death_yn,death_yn,death_yn,pna_yn,death_yn,death_yn,death_yn,death_yn,death_yn,death_yn,death_yn,death_yn,death_yn,death_yn,death_yn,death_yn,hc_work_yn,Missing.4,hc_work_yn,death_yn,death_yn,death_yn,death_yn,death_yn,death_yn,death_yn,death_yn,death_yn,death_yn,death_yn,death_yn,death_yn,hc_work_yn,hc_work_yn,hc_work_yn,death_yn,death_yn,death_yn,death_yn,death_yn,death_yn,death_yn,death_yn,death_yn,death_yn,death_yn,death_yn,death_yn,death_yn,death_yn,death_yn,death_yn,death_yn,death_yn,death_yn,death_yn,death_yn,death_yn,death_yn,death_yn,death_yn,death_yn,death_yn,death_yn,death_yn,death_yn,hc_work_yn,hc_work_yn,hc_work_yn,hc_work_yn
diarrhea_yn,diarrhea_yn,diarrhea_yn,diarrhea_yn,diarrhea_yn,diarrhea_yn,diarrhea_yn,diarrhea_yn,diarrhea_yn,diarrhea_yn,diarrhea_yn,diarrhea_yn,diarrhea_yn,diarrhea_yn,diarrhea_yn,diarrhea_yn,diarrhea_yn,diarrhea_yn,diarrhea_yn,diarrhea_yn,diarrhea_yn,diarrhea_yn,diarrhea_yn,pna_yn,pna_yn,pna_yn,diarrhea_yn,diarrhea_yn,diarrhea_yn,diarrhea_yn,pna_yn,pna_yn,pna_yn,pna_yn,pna_yn,pna_yn,pna_yn,pna_yn,pna_yn,diarrhea_yn,diarrhea_yn,diarrhea_yn,diarrhea_yn,hc_work_yn,diarrhea_yn,diarrhea_yn,diarrhea_yn,diarrhea_yn,hc_work_yn,diarrhea_yn,diarrhea_yn,diarrhea_yn,diarrhea_yn,diarrhea_yn,diarrhea_yn,diarrhea_yn,diarrhea_yn,diarrhea_yn,diarrhea_yn,diarrhea_yn,diarrhea_yn,pna_yn,diarrhea_yn,diarrhea_yn,diarrhea_yn,diarrhea_yn,diarrhea_yn,diarrhea_yn,diarrhea_yn,diarrhea_yn,abxchest_yn,diarrhea_yn,diarrhea_yn,diarrhea_yn,diarrhea_yn,abxchest_yn,diarrhea_yn,diarrhea_yn,diarrhea_yn,diarrhea_yn,diarrhea_yn,diarrhea_yn,diarrhea_yn,diarrhea_yn,diarrhea_yn,diarrhea_yn,abxchest_yn,diarrhea_yn,diarrhea_yn,diarrhea_yn,diarrhea_yn,diarrhea_yn,abxchest_yn,diarrhea_yn,diarrhea_yn,diarrhea_yn,diarrhea_yn,diarrhea_yn,diarrhea_yn,diarrhea_yn,diarrhea_yn,diarrhea_yn,diarrhea_yn,diarrhea_yn,diarrhea_yn,pna_yn,Missing.5,pna_yn,diarrhea_yn,diarrhea_yn,diarrhea_yn,diarrhea_yn,diarrhea_yn,diarrhea_yn,diarrhea_yn,diarrhea_yn,diarrhea_yn,diarrhea_yn,diarrhea_yn,diarrhea_yn,diarrhea_yn,pna_yn,pna_yn,pna_yn,diarrhea_yn,diarrhea_yn,diarrhea_yn,diarrhea_yn,diarrhea_yn,diarrhea_yn,diarrhea_yn,diarrhea_yn,diarrhea_yn,diarrhea_yn,diarrhea_yn,diarrhea_yn,diarrhea_yn,diarrhea_yn,diarrhea_yn,diarrhea_yn,diarrhea_yn,diarrhea_yn,diarrhea_yn,diarrhea_yn,diarrhea_yn,diarrhea_yn,diarrhea_yn,diarrhea_yn,diarrhea_yn,diarrhea_yn,diarrhea_yn,diarrhea_yn,diarrhea_yn,diarrhea_yn,diarrhea_yn,pna_yn,pna_yn,pna_yn,pna_yn
fever_yn,fever_yn,fever_yn,fever_yn,fever_yn,fever_yn,fever_yn,fever_yn,fever_yn,fever_yn,fever_yn,fever_yn,fever_yn,fever_yn,fever_yn,fever_yn,fever_yn,fever_yn,fever_yn,fever_yn,fever_yn,fever_yn,fever_yn,abxchest_yn,abxchest_yn,abxchest_yn,fever_yn,fever_yn,fever_yn,fever_yn,abxchest_yn,abxchest_yn,abxchest_yn,abxchest_yn,abxchest_yn,abxchest_yn,abxchest_yn,abxchest_yn,abxchest_yn,fever_yn,fever_yn,fever_yn,fever_yn,pna_yn,fever_yn,fever_yn,fever_yn,fever_yn,pna_yn,fever_yn,fever_yn,fever_yn,fever_yn,fever_yn,fever_yn,fever_yn,fever_yn,fever_yn,fever_yn,fever_yn,fever_yn,abxchest_yn,fever_yn,fever_yn,fever_yn,fever_yn,fever_yn,fever_yn,fever_yn,fever_yn,acuterespdistress_yn,fever_yn,fever_yn,fever_yn,fever_yn,acuterespdistress_yn,fever_yn,fever_yn,fever_yn,fever_yn,fever_yn,fever_yn,fever_yn,fever_yn,fever_yn,fever_yn,acuterespdistress_yn,fever_yn,fever_yn,fever_yn,fever_yn,fever_yn,acuterespdistress_yn,fever_yn,fever_yn,fever_yn,fever_yn,fever_yn,fever_yn,fever_yn,fever_yn,fever_yn,fever_yn,fever_yn,fever_yn,abxchest_yn,Missing.6,abxchest_yn,fever_yn,fever_yn,fever_yn,fever_yn,fever_yn,fever_yn,fever_yn,fever_yn,fever_yn,fever_yn,fever_yn,fever_yn,fever_yn,abxchest_yn,abxchest_yn,abxchest_yn,fever_yn,fever_yn,fever_yn,fever_yn,fever_yn,fever_yn,fever_yn,fever_yn,fever_yn,fever_yn,fever_yn,fever_yn,fever_yn,fever_yn,fever_yn,fever_yn,fever_yn,fever_yn,fever_yn,fever_yn,fever_yn,fever_yn,fever_yn,fever_yn,fever_yn,fever_yn,fever_yn,fever_yn,fever_yn,fever_yn,fever_yn,abxchest_yn,abxchest_yn,abxchest_yn,abxchest_yn
sfever_yn,sfever_yn,sfever_yn,sfever_yn,sfever_yn,sfever_yn,sfever_yn,sfever_yn,sfever_yn,sfever_yn,sfever_yn,sfever_yn,sfever_yn,sfever_yn,sfever_yn,sfever_yn,sfever_yn,sfever_yn,sfever_yn,sfever_yn,sfever_yn,sfever_yn,sfever_yn,acuterespdistress_yn,acuterespdistress_yn,acuterespdistress_yn,sfever_yn,sfever_yn,sfever_yn,sfever_yn,acuterespdistress_yn,acuterespdistress_yn,acuterespdistress_yn,acuterespdistress_yn,acuterespdistress_yn,acuterespdistress_yn,acuterespdistress_yn,acuterespdistress_yn,acuterespdistress_yn,sfever_yn,sfever_yn,sfever_yn,sfever_yn,abxchest_yn,sfever_yn,sfever_yn,sfever_yn,sfever_yn,abxchest_yn,sfever_yn,sfever_yn,sfever_yn,sfever_yn,sfever_yn,sfever_yn,sfever_yn,sfever_yn,sfever_yn,sfever_yn,sfever_yn,sfever_yn,acuterespdistress_yn,sfever_yn,sfever_yn,sfever_yn,sfever_yn,sfever_yn,sfever_yn,sfever_yn,sfever_yn,mechvent_yn,sfever_yn,sfever_yn,sfever_yn,sfever_yn,mechvent_yn,sfever_yn,sfever_yn,sfever_yn,sfever_yn,sfever_yn,sfever_yn,sfever_yn,sfever_yn,sfever_yn,sfever_yn,mechvent_yn,sfever_yn,sfever_yn,sfever_yn,sfever_yn,sfever_yn,mechvent_yn,sfever_yn,sfever_yn,sfever_yn,sfever_yn,sfever_yn,sfever_yn,sfever_yn,sfever_yn,sfever_yn,sfever_yn,sfever_yn,sfever_yn,acuterespdistress_yn,Missing.7,acuterespdistress_yn,sfever_yn,sfever_yn,sfever_yn,sfever_yn,sfever_yn,sfever_yn,sfever_yn,sfever_yn,sfever_yn,sfever_yn,sfever_yn,sfever_yn,sfever_yn,acuterespdistress_yn,acuterespdistress_yn,acuterespdistress_yn,sfever_yn,sfever_yn,sfever_yn,sfever_yn,sfever_yn,sfever_yn,sfever_yn,sfever_yn,sfever_yn,sfever_yn,sfever_yn,sfever_yn,sfever_yn,sfever_yn,sfever_yn,sfever_yn,sfever_yn,sfever_yn,sfever_yn,sfever_yn,sfever_yn,sfever_yn,sfever_yn,sfever_yn,sfever_yn,sfever_yn,sfever_yn,sfever_yn,sfever_yn,sfever_yn,sfever_yn,acuterespdistress_yn,acuterespdistress_yn,acuterespdistress_yn,acuterespdistress_yn
hc_work_yn,hc_work_yn,hc_work_yn,hc_work_yn,hc_work_yn,hc_work_yn,hc_work_yn,hc_work_yn,hc_work_yn,hc_work_yn,hc_work_yn,hc_work_yn,hc_work_yn,hc_work_yn,hc_work_yn,hc_work_yn,hc_work_yn,hc_work_yn,hc_work_yn,hc_work_yn,hc_work_yn,hc_work_yn,hc_work_yn,mechvent_yn,mechvent_yn,mechvent_yn,hc_work_yn,hc_work_yn,hc_work_yn,hc_work_yn,mechvent_yn,mechvent_yn,mechvent_yn,mechvent_yn,mechvent_yn,mechvent_yn,mechvent_yn,mechvent_yn,mechvent_yn,hc_work_yn,hc_work_yn,hc_work_yn,hc_work_yn,acuterespdistress_yn,hc_work_yn,hc_work_yn,hc_work_yn,hc_work_yn,acuterespdistress_yn,hc_work_yn,hc_work_yn,hc_work_yn,hc_work_yn,hc_work_yn,hc_work_yn,hc_work_yn,hc_work_yn,hc_work_yn,hc_work_yn,hc_work_yn,hc_work_yn,mechvent_yn,hc_work_yn,hc_work_yn,hc_work_yn,hc_work_yn,hc_work_yn,hc_work_yn,hc_work_yn,hc_work_yn,fever_yn,hc_work_yn,hc_work_yn,hc_work_yn,hc_work_yn,fever_yn,hc_work_yn,hc_work_yn,hc_work_yn,hc_work_yn,hc_work_yn,hc_work_yn,hc_work_yn,hc_work_yn,hc_work_yn,hc_work_yn,fever_yn,hc_work_yn,hc_work_yn,hc_work_yn,hc_work_yn,hc_work_yn,fever_yn,hc_work_yn,hc_work_yn,hc_work_yn,hc_work_yn,hc_work_yn,hc_work_yn,hc_work_yn,hc_work_yn,hc_work_yn,hc_work_yn,hc_work_yn,hc_work_yn,mechvent_yn,Missing.8,mechvent_yn,hc_work_yn,hc_work_yn,hc_work_yn,hc_work_yn,hc_work_yn,hc_work_yn,hc_work_yn,hc_work_yn,hc_work_yn,hc_work_yn,hc_work_yn,hc_work_yn,hc_work_yn,mechvent_yn,mechvent_yn,mechvent_yn,hc_work_yn,hc_work_yn,hc_work_yn,hc_work_yn,hc_work_yn,hc_work_yn,hc_work_yn,hc_work_yn,hc_work_yn,hc_work_yn,hc_work_yn,hc_work_yn,hc_work_yn,hc_work_yn,hc_work_yn,hc_work_yn,hc_work_yn,hc_work_yn,hc_work_yn,hc_work_yn,hc_work_yn,hc_work_yn,hc_work_yn,hc_work_yn,hc_work_yn,hc_work_yn,hc_work_yn,hc_work_yn,hc_work_yn,hc_work_yn,hc_work_yn,mechvent_yn,mechvent_yn,mechvent_yn,mechvent_yn
headache_yn,headache_yn,headache_yn,headache_yn,headache_yn,headache_yn,headache_yn,headache_yn,headache_yn,headache_yn,headache_yn,headache_yn,headache_yn,headache_yn,headache_yn,headache_yn,headache_yn,headache_yn,headache_yn,headache_yn,headache_yn,headache_yn,headache_yn,fever_yn,fever_yn,fever_yn,headache_yn,headache_yn,headache_yn,headache_yn,fever_yn,fever_yn,fever_yn,fever_yn,fever_yn,fever_yn,fever_yn,fever_yn,fever_yn,headache_yn,headache_yn,headache_yn,headache_yn,mechvent_yn,headache_yn,headache_yn,headache_yn,headache_yn,mechvent_yn,headache_yn,headache_yn,headache_yn,headache_yn,headache_yn,headache_yn,headache_yn,headache_yn,headache_yn,headache_yn,headache_yn,headache_yn,fever_yn,headache_yn,headache_yn,headache_yn,headache_yn,headache_yn,headache_yn,headache_yn,headache_yn,sfever_yn,headache_yn,headache_yn,headache_yn,headache_yn,sfever_yn,headache_yn,headache_yn,headache_yn,headache_yn,headache_yn,headache_yn,headache_yn,headache_yn,headache_yn,headache_yn,sfever_yn,headache_yn,headache_yn,headache_yn,headache_yn,headache_yn,sfever_yn,headache_yn,headache_yn,headache_yn,headache_yn,headache_yn,headache_yn,headache_yn,headache_yn,headache_yn,headache_yn,headache_yn,headache_yn,fever_yn,Missing.9,fever_yn,headache_yn,headache_yn,headache_yn,headache_yn,headache_yn,headache_yn,headache_yn,headache_yn,headache_yn,headache_yn,headache_yn,headache_yn,headache_yn,fever_yn,fever_yn,fever_yn,headache_yn,headache_yn,headache_yn,headache_yn,headache_yn,headache_yn,headache_yn,headache_yn,headache_yn,headache_yn,headache_yn,headache_yn,headache_yn,headache_yn,headache_yn,headache_yn,headache_yn,headache_yn,headache_yn,headache_yn,headache_yn,headache_yn,headache_yn,headache_yn,headache_yn,headache_yn,headache_yn,headache_yn,headache_yn,headache_yn,headache_yn,fever_yn,fever_yn,fever_yn,fever_yn
hosp_yn,hosp_yn,hosp_yn,hosp_yn,hosp_yn,hosp_yn,hosp_yn,hosp_yn,hosp_yn,hosp_yn,hosp_yn,hosp_yn,hosp_yn,hosp_yn,hosp_yn,hosp_yn,hosp_yn,hosp_yn,hosp_yn,hosp_yn,hosp_yn,hosp_yn,hosp_yn,sfever_yn,sfever_yn,sfever_yn,hosp_yn,hosp_yn,hosp_yn,hosp_yn,sfever_yn,sfever_yn,sfever_yn,sfever_yn,sfever_yn,sfever_yn,sfever_yn,sfever_yn,sfever_yn,hosp_yn,hosp_yn,hosp_yn,hosp_yn,fever_yn,hosp_yn,hosp_yn,hosp_yn,hosp_yn,fever_yn,hosp_yn,hosp_yn,hosp_yn,hosp_yn,hosp_yn,hosp_yn,hosp_yn,hosp_yn,hosp_yn,hosp_yn,hosp_yn,hosp_yn,sfever_yn,hosp_yn,hosp_yn,hosp_yn,hosp_yn,hosp_yn,hosp_yn,hosp_yn,hosp_yn,chills_yn,hosp_yn,hosp_yn,hosp_yn,hosp_yn,chills_yn,hosp_yn,hosp_yn,hosp_yn,hosp_yn,hosp_yn,hosp_yn,hosp_yn,hosp_yn,hosp_yn,hosp_yn,chills_yn,hosp_yn,hosp_yn,hosp_yn,hosp_yn,hosp_yn,chills_yn,hosp_yn,hosp_yn,hosp_yn,hosp_yn,hosp_yn,hosp_yn,hosp_yn,hosp_yn,hosp_yn,hosp_yn,hosp_yn,hosp_yn,sfever_yn,Missing.10,sfever_yn,hosp_yn,hosp_yn,hosp_yn,hosp_yn,hosp_yn,hosp_yn,hosp_yn,hosp_yn,hosp_yn,hosp_yn,hosp_yn,hosp_yn,hosp_yn,sfever_yn,sfever_yn,sfever_yn,hosp_yn,hosp_yn,hosp_yn,hosp_yn,hosp_yn,hosp_yn,hosp_yn,hosp_yn,hosp_yn,hosp_yn,hosp_yn,hosp_yn,hosp_yn,hosp_yn,hosp_yn,hosp_yn,hosp_yn,hosp_yn,hosp_yn,hosp_yn,hosp_yn,hosp_yn,hosp_yn,hosp_yn,hosp_yn,hosp_yn,hosp_yn,hosp_yn,hosp_yn,hosp_yn,hosp_yn,sfever_yn,sfever_yn,sfever_yn,sfever_yn
icu_yn,icu_yn,icu_yn,icu_yn,icu_yn,icu_yn,icu_yn,icu_yn,icu_yn,icu_yn,icu_yn,icu_yn,icu_yn,icu_yn,icu_yn,icu_yn,icu_yn,icu_yn,icu_yn,icu_yn,icu_yn,icu_yn,icu_yn,chills_yn,chills_yn,chills_yn,icu_yn,icu_yn,icu_yn,icu_yn,chills_yn,chills_yn,chills_yn,chills_yn,chills_yn,chills_yn,chills_yn,chills_yn,chills_yn,icu_yn,icu_yn,icu_yn,icu_yn,sfever_yn,icu_yn,icu_yn,icu_yn,icu_yn,sfever_yn,icu_yn,icu_yn,icu_yn,icu_yn,icu_yn,icu_yn,icu_yn,icu_yn,icu_yn,icu_yn,icu_yn,icu_yn,chills_yn,icu_yn,icu_yn,icu_yn,icu_yn,icu_yn,icu_yn,icu_yn,icu_yn,myalgia_yn,icu_yn,icu_yn,icu_yn,icu_yn,myalgia_yn,icu_yn,icu_yn,icu_yn,icu_yn,icu_yn,icu_yn,icu_yn,icu_yn,icu_yn,icu_yn,myalgia_yn,icu_yn,icu_yn,icu_yn,icu_yn,icu_yn,myalgia_yn,icu_yn,icu_yn,icu_yn,icu_yn,icu_yn,icu_yn,icu_yn,icu_yn,icu_yn,icu_yn,icu_yn,icu_yn,chills_yn,Missing.11,chills_yn,icu_yn,icu_yn,icu_yn,icu_yn,icu_yn,icu_yn,icu_yn,icu_yn,icu_yn,icu_yn,icu_yn,icu_yn,icu_yn,chills_yn,chills_yn,chills_yn,icu_yn,icu_yn,icu_yn,icu_yn,icu_yn,icu_yn,icu_yn,icu_yn,icu_yn,icu_yn,icu_yn,icu_yn,icu_yn,icu_yn,icu_yn,icu_yn,icu_yn,icu_yn,icu_yn,icu_yn,icu_yn,icu_yn,icu_yn,icu_yn,icu_yn,icu_yn,icu_yn,icu_yn,icu_yn,icu_yn,icu_yn,chills_yn,chills_yn,chills_yn,chills_yn
mechvent_yn,mechvent_yn,mechvent_yn,mechvent_yn,mechvent_yn,mechvent_yn,mechvent_yn,mechvent_yn,mechvent_yn,mechvent_yn,mechvent_yn,mechvent_yn,mechvent_yn,mechvent_yn,mechvent_yn,mechvent_yn,mechvent_yn,mechvent_yn,mechvent_yn,mechvent_yn,mechvent_yn,mechvent_yn,mechvent_yn,myalgia_yn,myalgia_yn,myalgia_yn,mechvent_yn,mechvent_yn,mechvent_yn,mechvent_yn,myalgia_yn,myalgia_yn,myalgia_yn,myalgia_yn,myalgia_yn,myalgia_yn,myalgia_yn,myalgia_yn,myalgia_yn,mechvent_yn,mechvent_yn,mechvent_yn,mechvent_yn,chills_yn,mechvent_yn,mechvent_yn,mechvent_yn,mechvent_yn,chills_yn,mechvent_yn,mechvent_yn,mechvent_yn,mechvent_yn,mechvent_yn,mechvent_yn,mechvent_yn,mechvent_yn,mechvent_yn,mechvent_yn,mechvent_yn,mechvent_yn,myalgia_yn,mechvent_yn,mechvent_yn,mechvent_yn,mechvent_yn,mechvent_yn,mechvent_yn,mechvent_yn,mechvent_yn,runnose_yn,mechvent_yn,mechvent_yn,mechvent_yn,mechvent_yn,runnose_yn,mechvent_yn,mechvent_yn,mechvent_yn,mechvent_yn,mechvent_yn,mechvent_yn,mechvent_yn,mechvent_yn,mechvent_yn,mechvent_yn,runnose_yn,mechvent_yn,mechvent_yn,mechvent_yn,mechvent_yn,mechvent_yn,runnose_yn,mechvent_yn,mechvent_yn,mechvent_yn,mechvent_yn,mechvent_yn,mechvent_yn,mechvent_yn,mechvent_yn,mechvent_yn,mechvent_yn,mechvent_yn,mechvent_yn,myalgia_yn,Missing.12,myalgia_yn,mechvent_yn,mechvent_yn,mechvent_yn,mechvent_yn,mechvent_yn,mechvent_yn,mechvent_yn,mechvent_yn,mechvent_yn,mechvent_yn,mechvent_yn,mechvent_yn,mechvent_yn,myalgia_yn,myalgia_yn,myalgia_yn,mechvent_yn,mechvent_yn,mechvent_yn,mechvent_yn,mechvent_yn,mechvent_yn,mechvent_yn,mechvent_yn,mechvent_yn,mechvent_yn,mechvent_yn,mechvent_yn,mechvent_yn,mechvent_yn,mechvent_yn,mechvent_yn,mechvent_yn,mechvent_yn,mechvent_yn,mechvent_yn,mechvent_yn,mechvent_yn,mechvent_yn,mechvent_yn,mechvent_yn,mechvent_yn,mechvent_yn,mechvent_yn,mechvent_yn,mechvent_yn,mechvent_yn,myalgia_yn,myalgia_yn,myalgia_yn,myalgia_yn
medcond_yn,medcond_yn,medcond_yn,medcond_yn,medcond_yn,medcond_yn,medcond_yn,medcond_yn,medcond_yn,medcond_yn,medcond_yn,medcond_yn,medcond_yn,medcond_yn,medcond_yn,medcond_yn,medcond_yn,medcond_yn,medcond_yn,medcond_yn,medcond_yn,medcond_yn,medcond_yn,runnose_yn,runnose_yn,runnose_yn,medcond_yn,medcond_yn,medcond_yn,medcond_yn,runnose_yn,runnose_yn,runnose_yn,runnose_yn,runnose_yn,runnose_yn,runnose_yn,runnose_yn,runnose_yn,medcond_yn,medcond_yn,medcond_yn,medcond_yn,myalgia_yn,medcond_yn,medcond_yn,medcond_yn,medcond_yn,myalgia_yn,medcond_yn,medcond_yn,medcond_yn,medcond_yn,medcond_yn,medcond_yn,medcond_yn,medcond_yn,medcond_yn,medcond_yn,medcond_yn,medcond_yn,runnose_yn,medcond_yn,medcond_yn,medcond_yn,medcond_yn,medcond_yn,medcond_yn,medcond_yn,medcond_yn,sthroat_yn,medcond_yn,medcond_yn,medcond_yn,medcond_yn,sthroat_yn,medcond_yn,medcond_yn,medcond_yn,medcond_yn,medcond_yn,medcond_yn,medcond_yn,medcond_yn,medcond_yn,medcond_yn,sthroat_yn,medcond_yn,medcond_yn,medcond_yn,medcond_yn,medcond_yn,sthroat_yn,medcond_yn,medcond_yn,medcond_yn,medcond_yn,medcond_yn,medcond_yn,medcond_yn,medcond_yn,medcond_yn,medcond_yn,medcond_yn,medcond_yn,runnose_yn,Missing.13,runnose_yn,medcond_yn,medcond_yn,medcond_yn,medcond_yn,medcond_yn,medcond_yn,medcond_yn,medcond_yn,medcond_yn,medcond_yn,medcond_yn,medcond_yn,medcond_yn,runnose_yn,runnose_yn,runnose_yn,medcond_yn,medcond_yn,medcond_yn,medcond_yn,medcond_yn,medcond_yn,medcond_yn,medcond_yn,medcond_yn,medcond_yn,medcond_yn,medcond_yn,medcond_yn,medcond_yn,medcond_yn,medcond_yn,medcond_yn,medcond_yn,medcond_yn,medcond_yn,medcond_yn,medcond_yn,medcond_yn,medcond_yn,medcond_yn,medcond_yn,medcond_yn,medcond_yn,medcond_yn,medcond_yn,medcond_yn,runnose_yn,runnose_yn,runnose_yn,runnose_yn
myalgia_yn,myalgia_yn,myalgia_yn,myalgia_yn,myalgia_yn,myalgia_yn,myalgia_yn,myalgia_yn,myalgia_yn,myalgia_yn,myalgia_yn,myalgia_yn,myalgia_yn,myalgia_yn,myalgia_yn,myalgia_yn,myalgia_yn,myalgia_yn,myalgia_yn,myalgia_yn,myalgia_yn,myalgia_yn,myalgia_yn,sthroat_yn,sthroat_yn,sthroat_yn,myalgia_yn,myalgia_yn,myalgia_yn,myalgia_yn,sthroat_yn,sthroat_yn,sthroat_yn,sthroat_yn,sthroat_yn,sthroat_yn,sthroat_yn,sthroat_yn,sthroat_yn,myalgia_yn,myalgia_yn,myalgia_yn,myalgia_yn,runnose_yn,myalgia_yn,myalgia_yn,myalgia_yn,myalgia_yn,runnose_yn,myalgia_yn,myalgia_yn,myalgia_yn,myalgia_yn,myalgia_yn,myalgia_yn,myalgia_yn,myalgia_yn,myalgia_yn,myalgia_yn,myalgia_yn,myalgia_yn,sthroat_yn,myalgia_yn,myalgia_yn,myalgia_yn,myalgia_yn,myalgia_yn,myalgia_yn,myalgia_yn,myalgia_yn,cough_yn,myalgia_yn,myalgia_yn,myalgia_yn,myalgia_yn,cough_yn,myalgia_yn,myalgia_yn,myalgia_yn,myalgia_yn,myalgia_yn,myalgia_yn,myalgia_yn,myalgia_yn,myalgia_yn,myalgia_yn,cough_yn,myalgia_yn,myalgia_yn,myalgia_yn,myalgia_yn,myalgia_yn,cough_yn,myalgia_yn,myalgia_yn,myalgia_yn,myalgia_yn,myalgia_yn,myalgia_yn,myalgia_yn,myalgia_yn,myalgia_yn,myalgia_yn,myalgia_yn,myalgia_yn,sthroat_yn,Missing.14,sthroat_yn,myalgia_yn,myalgia_yn,myalgia_yn,myalgia_yn,myalgia_yn,myalgia_yn,myalgia_yn,myalgia_yn,myalgia_yn,myalgia_yn,myalgia_yn,myalgia_yn,myalgia_yn,sthroat_yn,sthroat_yn,sthroat_yn,myalgia_yn,myalgia_yn,myalgia_yn,myalgia_yn,myalgia_yn,myalgia_yn,myalgia_yn,myalgia_yn,myalgia_yn,myalgia_yn,myalgia_yn,myalgia_yn,myalgia_yn,myalgia_yn,myalgia_yn,myalgia_yn,myalgia_yn,myalgia_yn,myalgia_yn,myalgia_yn,myalgia_yn,myalgia_yn,myalgia_yn,myalgia_yn,myalgia_yn,myalgia_yn,myalgia_yn,myalgia_yn,myalgia_yn,myalgia_yn,myalgia_yn,sthroat_yn,sthroat_yn,sthroat_yn,sthroat_yn
nauseavomit_yn,nauseavomit_yn,nauseavomit_yn,nauseavomit_yn,nauseavomit_yn,nauseavomit_yn,nauseavomit_yn,nauseavomit_yn,nauseavomit_yn,nauseavomit_yn,nauseavomit_yn,nauseavomit_yn,nauseavomit_yn,nauseavomit_yn,nauseavomit_yn,nauseavomit_yn,nauseavomit_yn,nauseavomit_yn,nauseavomit_yn,nauseavomit_yn,nauseavomit_yn,nauseavomit_yn,nauseavomit_yn,cough_yn,cough_yn,cough_yn,nauseavomit_yn,nauseavomit_yn,nauseavomit_yn,nauseavomit_yn,cough_yn,cough_yn,cough_yn,cough_yn,cough_yn,cough_yn,cough_yn,cough_yn,cough_yn,nauseavomit_yn,nauseavomit_yn,nauseavomit_yn,nauseavomit_yn,sthroat_yn,nauseavomit_yn,nauseavomit_yn,nauseavomit_yn,nauseavomit_yn,sthroat_yn,nauseavomit_yn,nauseavomit_yn,nauseavomit_yn,nauseavomit_yn,nauseavomit_yn,nauseavomit_yn,nauseavomit_yn,nauseavomit_yn,nauseavomit_yn,nauseavomit_yn,nauseavomit_yn,nauseavomit_yn,cough_yn,nauseavomit_yn,nauseavomit_yn,nauseavomit_yn,nauseavomit_yn,nauseavomit_yn,nauseavomit_yn,nauseavomit_yn,nauseavomit_yn,sob_yn,nauseavomit_yn,nauseavomit_yn,nauseavomit_yn,nauseavomit_yn,sob_yn,nauseavomit_yn,nauseavomit_yn,nauseavomit_yn,nauseavomit_yn,nauseavomit_yn,nauseavomit_yn,nauseavomit_yn,nauseavomit_yn,nauseavomit_yn,nauseavomit_yn,sob_yn,nauseavomit_yn,nauseavomit_yn,nauseavomit_yn,nauseavomit_yn,nauseavomit_yn,sob_yn,nauseavomit_yn,nauseavomit_yn,nauseavomit_yn,nauseavomit_yn,nauseavomit_yn,nauseavomit_yn,nauseavomit_yn,nauseavomit_yn,nauseavomit_yn,nauseavomit_yn,nauseavomit_yn,nauseavomit_yn,cough_yn,Missing.15,cough_yn,nauseavomit_yn,nauseavomit_yn,nauseavomit_yn,nauseavomit_yn,nauseavomit_yn,nauseavomit_yn,nauseavomit_yn,nauseavomit_yn,nauseavomit_yn,nauseavomit_yn,nauseavomit_yn,nauseavomit_yn,nauseavomit_yn,cough_yn,cough_yn,cough_yn,nauseavomit_yn,nauseavomit_yn,nauseavomit_yn,nauseavomit_yn,nauseavomit_yn,nauseavomit_yn,nauseavomit_yn,nauseavomit_yn,nauseavomit_yn,nauseavomit_yn,nauseavomit_yn,nauseavomit_yn,nauseavomit_yn,nauseavomit_yn,nauseavomit_yn,nauseavomit_yn,nauseavomit_yn,nauseavomit_yn,nauseavomit_yn,nauseavomit_yn,nauseavomit_yn,nauseavomit_yn,nauseavomit_yn,nauseavomit_yn,nauseavomit_yn,nauseavomit_yn,nauseavomit_yn,nauseavomit_yn,nauseavomit_yn,nauseavomit_yn,nauseavomit_yn,cough_yn,cough_yn,cough_yn,cough_yn
onset_dt,onset_dt,onset_dt,onset_dt,onset_dt,onset_dt,onset_dt,onset_dt,onset_dt,onset_dt,onset_dt,onset_dt,onset_dt,onset_dt,onset_dt,onset_dt,onset_dt,onset_dt,onset_dt,onset_dt,onset_dt,onset_dt,onset_dt,sob_yn,sob_yn,sob_yn,onset_dt,onset_dt,onset_dt,onset_dt,sob_yn,sob_yn,sob_yn,sob_yn,sob_yn,sob_yn,sob_yn,sob_yn,sob_yn,onset_dt,onset_dt,onset_dt,onset_dt,cough_yn,onset_dt,onset_dt,onset_dt,onset_dt,cough_yn,onset_dt,onset_dt,onset_dt,onset_dt,onset_dt,onset_dt,onset_dt,onset_dt,onset_dt,onset_dt,onset_dt,onset_dt,sob_yn,onset_dt,onset_dt,onset_dt,onset_dt,onset_dt,onset_dt,onset_dt,onset_dt,nauseavomit_yn,onset_dt,onset_dt,onset_dt,onset_dt,nauseavomit_yn,onset_dt,onset_dt,onset_dt,onset_dt,onset_dt,onset_dt,onset_dt,onset_dt,onset_dt,onset_dt,nauseavomit_yn,onset_dt,onset_dt,onset_dt,onset_dt,onset_dt,nauseavomit_yn,onset_dt,onset_dt,onset_dt,onset_dt,onset_dt,onset_dt,onset_dt,onset_dt,onset_dt,onset_dt,onset_dt,onset_dt,sob_yn,Missing.16,sob_yn,onset_dt,onset_dt,onset_dt,onset_dt,onset_dt,onset_dt,onset_dt,onset_dt,onset_dt,onset_dt,onset_dt,onset_dt,onset_dt,sob_yn,sob_yn,sob_yn,onset_dt,onset_dt,onset_dt,onset_dt,onset_dt,onset_dt,onset_dt,onset_dt,onset_dt,onset_dt,onset_dt,onset_dt,onset_dt,onset_dt,onset_dt,onset_dt,onset_dt,onset_dt,onset_dt,onset_dt,onset_dt,onset_dt,onset_dt,onset_dt,onset_dt,onset_dt,onset_dt,onset_dt,onset_dt,onset_dt,onset_dt,sob_yn,sob_yn,sob_yn,sob_yn
pna_yn,pna_yn,pna_yn,pna_yn,pna_yn,pna_yn,pna_yn,pna_yn,pna_yn,pna_yn,pna_yn,pna_yn,pna_yn,pna_yn,pna_yn,pna_yn,pna_yn,pna_yn,pna_yn,pna_yn,pna_yn,pna_yn,pna_yn,nauseavomit_yn,nauseavomit_yn,nauseavomit_yn,pna_yn,pna_yn,pna_yn,pna_yn,nauseavomit_yn,nauseavomit_yn,nauseavomit_yn,nauseavomit_yn,nauseavomit_yn,nauseavomit_yn,nauseavomit_yn,nauseavomit_yn,nauseavomit_yn,pna_yn,pna_yn,pna_yn,pna_yn,sob_yn,pna_yn,pna_yn,pna_yn,pna_yn,sob_yn,pna_yn,pna_yn,pna_yn,pna_yn,pna_yn,pna_yn,pna_yn,pna_yn,pna_yn,pna_yn,pna_yn,pna_yn,nauseavomit_yn,pna_yn,pna_yn,pna_yn,pna_yn,pna_yn,pna_yn,pna_yn,pna_yn,headache_yn,pna_yn,pna_yn,pna_yn,pna_yn,headache_yn,pna_yn,pna_yn,pna_yn,pna_yn,pna_yn,pna_yn,pna_yn,pna_yn,pna_yn,pna_yn,headache_yn,pna_yn,pna_yn,pna_yn,pna_yn,pna_yn,headache_yn,pna_yn,pna_yn,pna_yn,pna_yn,pna_yn,pna_yn,pna_yn,pna_yn,pna_yn,pna_yn,pna_yn,pna_yn,nauseavomit_yn,Missing.17,nauseavomit_yn,pna_yn,pna_yn,pna_yn,pna_yn,pna_yn,pna_yn,pna_yn,pna_yn,pna_yn,pna_yn,pna_yn,pna_yn,pna_yn,nauseavomit_yn,nauseavomit_yn,nauseavomit_yn,pna_yn,pna_yn,pna_yn,pna_yn,pna_yn,pna_yn,pna_yn,pna_yn,pna_yn,pna_yn,pna_yn,pna_yn,pna_yn,pna_yn,pna_yn,pna_yn,pna_yn,pna_yn,pna_yn,pna_yn,pna_yn,pna_yn,pna_yn,pna_yn,pna_yn,pna_yn,pna_yn,pna_yn,pna_yn,pna_yn,pna_yn,nauseavomit_yn,nauseavomit_yn,nauseavomit_yn,nauseavomit_yn
pos_spec_dt,pos_spec_dt,pos_spec_dt,pos_spec_dt,pos_spec_dt,pos_spec_dt,pos_spec_dt,pos_spec_dt,pos_spec_dt,pos_spec_dt,pos_spec_dt,pos_spec_dt,pos_spec_dt,pos_spec_dt,pos_spec_dt,pos_spec_dt,pos_spec_dt,pos_spec_dt,pos_spec_dt,pos_spec_dt,pos_spec_dt,pos_spec_dt,pos_spec_dt,headache_yn,headache_yn,headache_yn,pos_spec_dt,pos_spec_dt,pos_spec_dt,pos_spec_dt,headache_yn,headache_yn,headache_yn,headache_yn,headache_yn,headache_yn,headache_yn,headache_yn,headache_yn,pos_spec_dt,pos_spec_dt,pos_spec_dt,pos_spec_dt,nauseavomit_yn,pos_spec_dt,pos_spec_dt,pos_spec_dt,pos_spec_dt,nauseavomit_yn,pos_spec_dt,pos_spec_dt,pos_spec_dt,pos_spec_dt,pos_spec_dt,pos_spec_dt,pos_spec_dt,pos_spec_dt,pos_spec_dt,pos_spec_dt,pos_spec_dt,pos_spec_dt,headache_yn,pos_spec_dt,pos_spec_dt,pos_spec_dt,pos_spec_dt,pos_spec_dt,pos_spec_dt,pos_spec_dt,pos_spec_dt,abdom_yn,pos_spec_dt,pos_spec_dt,pos_spec_dt,pos_spec_dt,abdom_yn,pos_spec_dt,pos_spec_dt,pos_spec_dt,pos_spec_dt,pos_spec_dt,pos_spec_dt,pos_spec_dt,pos_spec_dt,pos_spec_dt,pos_spec_dt,abdom_yn,pos_spec_dt,pos_spec_dt,pos_spec_dt,pos_spec_dt,pos_spec_dt,abdom_yn,pos_spec_dt,pos_spec_dt,pos_spec_dt,pos_spec_dt,pos_spec_dt,pos_spec_dt,pos_spec_dt,pos_spec_dt,pos_spec_dt,pos_spec_dt,pos_spec_dt,pos_spec_dt,headache_yn,Missing.18,headache_yn,pos_spec_dt,pos_spec_dt,pos_spec_dt,pos_spec_dt,pos_spec_dt,pos_spec_dt,pos_spec_dt,pos_spec_dt,pos_spec_dt,pos_spec_dt,pos_spec_dt,pos_spec_dt,pos_spec_dt,headache_yn,headache_yn,headache_yn,pos_spec_dt,pos_spec_dt,pos_spec_dt,pos_spec_dt,pos_spec_dt,pos_spec_dt,pos_spec_dt,pos_spec_dt,pos_spec_dt,pos_spec_dt,pos_spec_dt,pos_spec_dt,pos_spec_dt,pos_spec_dt,pos_spec_dt,pos_spec_dt,pos_spec_dt,pos_spec_dt,pos_spec_dt,pos_spec_dt,pos_spec_dt,pos_spec_dt,pos_spec_dt,pos_spec_dt,pos_spec_dt,pos_spec_dt,pos_spec_dt,pos_spec_dt,pos_spec_dt,pos_spec_dt,pos_spec_dt,headache_yn,headache_yn,headache_yn,headache_yn
race_ethnicity_combined,race_ethnicity_combined,race_ethnicity_combined,race_ethnicity_combined,race_ethnicity_combined,race_ethnicity_combined,race_ethnicity_combined,race_ethnicity_combined,race_ethnicity_combined,race_ethnicity_combined,race_ethnicity_combined,race_ethnicity_combined,race_ethnicity_combined,race_ethnicity_combined,race_ethnicity_combined,race_ethnicity_combined,race_ethnicity_combined,race_ethnicity_combined,race_ethnicity_combined,race_ethnicity_combined,race_ethnicity_combined,race_ethnicity_combined,race_ethnicity_combined,abdom_yn,abdom_yn,abdom_yn,race_ethnicity_combined,race_ethnicity_combined,race_ethnicity_combined,race_ethnicity_combined,abdom_yn,abdom_yn,abdom_yn,abdom_yn,abdom_yn,abdom_yn,abdom_yn,abdom_yn,abdom_yn,race_ethnicity_combined,race_ethnicity_combined,race_ethnicity_combined,race_ethnicity_combined,headache_yn,race_ethnicity_combined,race_ethnicity_combined,race_ethnicity_combined,race_ethnicity_combined,headache_yn,race_ethnicity_combined,race_ethnicity_combined,race_ethnicity_combined,race_ethnicity_combined,race_ethnicity_combined,race_ethnicity_combined,race_ethnicity_combined,race_ethnicity_combined,race_ethnicity_combined,race_ethnicity_combined,race_ethnicity_combined,race_ethnicity_combined,abdom_yn,race_ethnicity_combined,race_ethnicity_combined,race_ethnicity_combined,race_ethnicity_combined,race_ethnicity_combined,race_ethnicity_combined,race_ethnicity_combined,race_ethnicity_combined,diarrhea_yn,race_ethnicity_combined,race_ethnicity_combined,race_ethnicity_combined,race_ethnicity_combined,diarrhea_yn,race_ethnicity_combined,race_ethnicity_combined,race_ethnicity_combined,race_ethnicity_combined,race_ethnicity_combined,race_ethnicity_combined,race_ethnicity_combined,race_ethnicity_combined,race_ethnicity_combined,race_ethnicity_combined,diarrhea_yn,race_ethnicity_combined,race_ethnicity_combined,race_ethnicity_combined,race_ethnicity_combined,race_ethnicity_combined,diarrhea_yn,race_ethnicity_combined,race_ethnicity_combined,race_ethnicity_combined,race_ethnicity_combined,race_ethnicity_combined,race_ethnicity_combined,race_ethnicity_combined,race_ethnicity_combined,race_ethnicity_combined,race_ethnicity_combined,race_ethnicity_combined,race_ethnicity_combined,abdom_yn,Missing.19,abdom_yn,race_ethnicity_combined,race_ethnicity_combined,race_ethnicity_combined,race_ethnicity_combined,race_ethnicity_combined,race_ethnicity_combined,race_ethnicity_combined,race_ethnicity_combined,race_ethnicity_combined,race_ethnicity_combined,race_ethnicity_combined,race_ethnicity_combined,race_ethnicity_combined,abdom_yn,abdom_yn,abdom_yn,race_ethnicity_combined,race_ethnicity_combined,race_ethnicity_combined,race_ethnicity_combined,race_ethnicity_combined,race_ethnicity_combined,race_ethnicity_combined,race_ethnicity_combined,race_ethnicity_combined,race_ethnicity_combined,race_ethnicity_combined,race_ethnicity_combined,race_ethnicity_combined,race_ethnicity_combined,race_ethnicity_combined,race_ethnicity_combined,race_ethnicity_combined,race_ethnicity_combined,race_ethnicity_combined,race_ethnicity_combined,race_ethnicity_combined,race_ethnicity_combined,race_ethnicity_combined,race_ethnicity_combined,race_ethnicity_combined,race_ethnicity_combined,race_ethnicity_combined,race_ethnicity_combined,race_ethnicity_combined,race_ethnicity_combined,race_ethnicity_combined,abdom_yn,abdom_yn,abdom_yn,abdom_yn
res_county,res_county,res_county,res_county,res_county,res_county,res_county,res_county,res_county,res_county,res_county,res_county,res_county,res_county,res_county,res_county,res_county,res_county,res_county,res_county,res_county,res_county,res_county,diarrhea_yn,diarrhea_yn,diarrhea_yn,res_county,res_county,res_county,res_county,diarrhea_yn,diarrhea_yn,diarrhea_yn,diarrhea_yn,diarrhea_yn,diarrhea_yn,diarrhea_yn,diarrhea_yn,diarrhea_yn,res_county,res_county,res_county,res_county,abdom_yn,res_county,res_county,res_county,res_county,abdom_yn,res_county,res_county,res_county,res_county,res_county,res_county,res_county,res_county,res_county,res_county,res_county,res_county,diarrhea_yn,res_county,res_county,res_county,res_county,res_county,res_county,res_county,res_county,medcond_yn,res_county,res_county,res_county,res_county,medcond_yn,res_county,res_county,res_county,res_county,res_county,res_county,res_county,res_county,res_county,res_county,medcond_yn,res_county,res_county,res_county,res_county,res_county,medcond_yn,res_county,res_county,res_county,res_county,res_county,res_county,res_county,res_county,res_county,res_county,res_county,res_county,diarrhea_yn,Missing.20,diarrhea_yn,res_county,res_county,res_county,res_county,res_county,res_county,res_county,res_county,res_county,res_county,res_county,res_county,res_county,diarrhea_yn,diarrhea_yn,diarrhea_yn,res_county,res_county,res_county,res_county,res_county,res_county,res_county,res_county,res_county,res_county,res_county,res_county,res_county,res_county,res_county,res_county,res_county,res_county,res_county,res_county,res_county,res_county,res_county,res_county,res_county,res_county,res_county,res_county,res_county,res_county,res_county,diarrhea_yn,diarrhea_yn,diarrhea_yn,diarrhea_yn
res_state,res_state,res_state,res_state,res_state,res_state,res_state,res_state,res_state,res_state,res_state,res_state,res_state,res_state,res_state,res_state,res_state,res_state,res_state,res_state,res_state,res_state,res_state,medcond_yn,medcond_yn,medcond_yn,res_state,res_state,res_state,res_state,medcond_yn,medcond_yn,medcond_yn,medcond_yn,medcond_yn,medcond_yn,medcond_yn,medcond_yn,medcond_yn,res_state,res_state,res_state,res_state,diarrhea_yn,res_state,res_state,res_state,res_state,diarrhea_yn,res_state,res_state,res_state,res_state,res_state,res_state,res_state,res_state,res_state,res_state,res_state,res_state,medcond_yn,res_state,res_state,res_state,res_state,res_state,res_state,res_state,res_state,county_fips_code,res_state,res_state,res_state,res_state,county_fips_code,res_state,res_state,res_state,res_state,res_state,res_state,res_state,res_state,res_state,res_state,county_fips_code,res_state,res_state,res_state,res_state,res_state,county_fips_code,res_state,res_state,res_state,res_state,res_state,res_state,res_state,res_state,res_state,res_state,res_state,res_state,medcond_yn,Missing.21,medcond_yn,res_state,res_state,res_state,res_state,res_state,res_state,res_state,res_state,res_state,res_state,res_state,res_state,res_state,medcond_yn,medcond_yn,medcond_yn,res_state,res_state,res_state,res_state,res_state,res_state,res_state,res_state,res_state,res_state,res_state,res_state,res_state,res_state,res_state,res_state,res_state,res_state,res_state,res_state,res_state,res_state,res_state,res_state,res_state,res_state,res_state,res_state,res_state,res_state,res_state,medcond_yn,medcond_yn,medcond_yn,medcond_yn
runnose_yn,runnose_yn,runnose_yn,runnose_yn,runnose_yn,runnose_yn,runnose_yn,runnose_yn,runnose_yn,runnose_yn,runnose_yn,runnose_yn,runnose_yn,runnose_yn,runnose_yn,runnose_yn,runnose_yn,runnose_yn,runnose_yn,runnose_yn,runnose_yn,runnose_yn,runnose_yn,county_fips_code,county_fips_code,county_fips_code,runnose_yn,runnose_yn,runnose_yn,runnose_yn,county_fips_code,county_fips_code,county_fips_code,county_fips_code,county_fips_code,county_fips_code,county_fips_code,county_fips_code,county_fips_code,runnose_yn,runnose_yn,runnose_yn,runnose_yn,medcond_yn,runnose_yn,runnose_yn,runnose_yn,runnose_yn,medcond_yn,runnose_yn,runnose_yn,runnose_yn,runnose_yn,runnose_yn,runnose_yn,runnose_yn,runnose_yn,runnose_yn,runnose_yn,runnose_yn,runnose_yn,county_fips_code,runnose_yn,runnose_yn,runnose_yn,runnose_yn,runnose_yn,runnose_yn,runnose_yn,runnose_yn,res_county,runnose_yn,runnose_yn,runnose_yn,runnose_yn,res_county,runnose_yn,runnose_yn,runnose_yn,runnose_yn,runnose_yn,runnose_yn,runnose_yn,runnose_yn,runnose_yn,runnose_yn,res_county,runnose_yn,runnose_yn,runnose_yn,runnose_yn,runnose_yn,res_county,runnose_yn,runnose_yn,runnose_yn,runnose_yn,runnose_yn,runnose_yn,runnose_yn,runnose_yn,runnose_yn,runnose_yn,runnose_yn,runnose_yn,county_fips_code,08101,county_fips_code,runnose_yn,runnose_yn,runnose_yn,runnose_yn,runnose_yn,runnose_yn,runnose_yn,runnose_yn,runnose_yn,runnose_yn,runnose_yn,runnose_yn,runnose_yn,county_fips_code,county_fips_code,county_fips_code,runnose_yn,runnose_yn,runnose_yn,runnose_yn,runnose_yn,runnose_yn,runnose_yn,runnose_yn,runnose_yn,runnose_yn,runnose_yn,runnose_yn,runnose_yn,runnose_yn,runnose_yn,runnose_yn,runnose_yn,runnose_yn,runnose_yn,runnose_yn,runnose_yn,runnose_yn,runnose_yn,runnose_yn,runnose_yn,runnose_yn,runnose_yn,runnose_yn,runnose_yn,runnose_yn,runnose_yn,county_fips_code,county_fips_code,county_fips_code,county_fips_code
